{
  "eval_name": "librispeech_after_rl",
  "manifest": "data/manifests/librispeech_forgetting_eval.json",
  "dataset": "afrispeech_clinical",
  "batch_size": 8,
  "seed": 42,
  "results": {
    "afrispeech_mwer_rl": {
      "checkpoint": "checkpoints/afrispeech_clinical_model_conformer_medium_stage_rl_reward_mwer_seed42_bs8_sft5_rl2_1777307305_rl_mwer.nemo",
      "wer": 10.562132935583108,
      "cer": 4.151312617245105,
      "ser": 98.36674090571641,
      "ewer": 21.794871794871796,
      "domain_term_precision": 0.7948717948717948,
      "domain_term_recall": 0.782051282051282,
      "domain_term_f1": 0.7863247863247863,
      "n_utterances": 2694
    },
    "afrispeech_wwer_rl": {
      "checkpoint": "checkpoints/rl_model.nemo",
      "wer": 10.64789782791088,
      "cer": 4.165742784036716,
      "ser": 98.92353377876763,
      "ewer": 26.923076923076923,
      "domain_term_precision": 0.7435897435897436,
      "domain_term_recall": 0.7307692307692307,
      "domain_term_f1": 0.735042735042735,
      "n_utterances": 2694
    },
    "voxpopuli_mwer_rl": {
      "checkpoint": "checkpoints/voxpopuli_model_conformer_medium_stage_rl_reward_mwer_seed33_bs8_sft5_rl2_1777223972_rl_mwer.nemo",
      "wer": 6.3167707653584415,
      "cer": 2.2683518285836968,
      "ser": 71.86340014847809,
      "ewer": 12.82051282051282,
      "domain_term_precision": 0.8717948717948718,
      "domain_term_recall": 0.8717948717948718,
      "domain_term_f1": 0.8717948717948718,
      "n_utterances": 2694
    },
    "voxpopuli_wwer_rl": {
      "checkpoint": "checkpoints/voxpopuli_model_conformer_medium_stage_rl_reward_wwer_seed33_bs8_sft5_rl2_1777267645_rl_wwer.nemo",
      "wer": 6.335415307168827,
      "cer": 2.2775026660613036,
      "ser": 71.97475872308834,
      "ewer": 15.384615384615385,
      "domain_term_precision": 0.8461538461538461,
      "domain_term_recall": 0.8461538461538461,
      "domain_term_f1": 0.8461538461538461,
      "n_utterances": 2694
    }
  }
}